"date","close","volume","open","high","low"
"14:51","4.38","2,168,416","4.28","4.38","4.265"
"2019/07/08","4.3000","4123905.0000","4.3800","4.3900","4.2500"
"2019/07/05","4.3900","1894100.0000","4.3400","4.4000","4.3200"
"2019/07/03","4.3600","1756349.0000","4.3200","4.3900","4.3100"
"2019/07/02","4.3000","4269187.0000","4.4000","4.4300","4.3000"
"2019/07/01","4.4000","5476838.0000","4.5000","4.5300","4.3200"
"2019/06/28","4.4000","7820579.0000","4.3700","4.4600","4.3400"
"2019/06/27","4.3400","6472001.0000","4.3600","4.3600","4.2100"
"2019/06/26","4.3200","5294163.0000","4.4300","4.4900","4.3100"
"2019/06/25","4.4000","3246796.0000","4.4400","4.5700","4.4000"
"2019/06/24","4.4200","2974822.0000","4.5000","4.5900","4.4050"
"2019/06/21","4.4800","2964521.0000","4.5600","4.5600","4.4500"
"2019/06/20","4.5600","3656758.0000","4.7000","4.7200","4.4850"
"2019/06/19","4.6400","2393853.0000","4.6200","4.6900","4.5800"
"2019/06/18","4.6100","2215839.0000","4.5800","4.6400","4.5200"
"2019/06/17","4.5400","2139295.0000","4.4800","4.5800","4.4500"
"2019/06/14","4.4600","2878466.0000","4.4900","4.4900","4.4200"
"2019/06/13","4.5100","3773490.0000","4.5400","4.5500","4.4300"
"2019/06/12","4.5200","2910383.0000","4.5100","4.5400","4.4700"
"2019/06/11","4.5400","3203756.0000","4.5000","4.5500","4.4700"
"2019/06/10","4.4500","4125609.0000","4.4800","4.5600","4.4300"
"2019/06/07","4.4600","3870500.0000","4.4100","4.4900","4.3200"
"2019/06/06","4.4300","4463684.0000","4.4700","4.4700","4.3600"
"2019/06/05","4.4700","4424660.0000","4.6000","4.6400","4.4350"
"2019/06/04","4.5800","5727626.0000","4.5900","4.6000","4.5000"
"2019/06/03","4.5100","5721326.0000","4.6200","4.6200","4.4400"
"2019/05/31","4.6300","4239597.0000","4.6400","4.7300","4.6300"
"2019/05/30","4.7000","5410660.0000","4.7500","4.7700","4.6200"
"2019/05/29","4.7400","6027882.0000","4.8200","4.8350","4.7100"
"2019/05/28","4.8800","4935228.0000","4.9100","4.9200","4.8100"
"2019/05/24","4.8900","3378906.0000","4.9100","4.9450","4.8650"
"2019/05/23","4.8600","4104131.0000","4.8700","4.9000","4.8000"
"2019/05/22","4.9400","5046824.0000","5.0100","5.0500","4.9000"
"2019/05/21","5.0400","3663551.0000","4.9800","5.0450","4.9700"
"2019/05/20","4.9200","4064644.0000","4.9200","4.9800","4.8500"
"2019/05/17","4.9100","5498174.0000","4.9900","5.0500","4.9000"
"2019/05/16","5.0400","5279456.0000","5.0800","5.1600","4.9800"
"2019/05/15","5.0800","4257310.0000","5.0500","5.1200","5.0300"
"2019/05/14","5.1100","5432044.0000","4.9700","5.1400","4.9500"
"2019/05/13","4.9200","6828196.0000","4.9500","4.9800","4.8500"
"2019/05/10","5.0300","6168391.0000","5.0000","5.0900","4.8950"
"2019/05/09","4.9900","5403121.0000","5.0300","5.0400","4.9000"
"2019/05/08","5.0300","3662947.0000","5.0300","5.1000","5.0050"
"2019/05/07","5.0300","7567437.0000","5.1000","5.1000","4.9800"
"2019/05/06","5.1600","6900105.0000","4.9800","5.2200","4.9600"
"2019/05/03","5.0900","8512311.0000","4.9700","5.1600","4.9700"
"2019/05/02","4.9600","17897410.0000","5.4100","5.4600","4.9250"
"2019/05/01","5.3700","9593885.0000","5.3000","5.4350","5.2200"
"2019/04/30","5.2800","5260179.0000","5.3600","5.4300","5.2200"
"2019/04/29","5.3900","2729532.0000","5.3700","5.4650","5.3400"
"2019/04/26","5.3600","2336104.0000","5.3100","5.3900","5.2800"
"2019/04/25","5.3300","3822054.0000","5.4600","5.4850","5.3200"
"2019/04/24","5.4600","2672560.0000","5.5000","5.5900","5.4600"
"2019/04/23","5.5000","3633983.0000","5.4300","5.5300","5.3900"
"2019/04/22","5.4100","4201325.0000","5.3700","5.4600","5.2600"
"2019/04/18","5.3800","3603478.0000","5.3800","5.4400","5.3300"
"2019/04/17","5.3800","4081605.0000","5.5200","5.5400","5.3500"
"2019/04/16","5.5000","3685884.0000","5.6100","5.6300","5.4600"
"2019/04/15","5.5700","6336314.0000","5.7100","5.7300","5.4100"
"2019/04/12","5.7100","3292184.0000","5.8300","5.8900","5.6800"
"2019/04/11","5.8000","2570606.0000","5.8800","5.9200","5.7700"
"2019/04/10","5.8800","2949681.0000","5.8500","5.9000","5.8000"
"2019/04/09","5.8400","4325087.0000","5.9300","6.0200","5.8000"
"2019/04/08","5.9700","2412719.0000","5.9700","6.0100","5.9300"
"2019/04/05","5.9700","2981275.0000","5.9700","6.0200","5.9000"
"2019/04/04","5.9700","2661923.0000","5.9700","6.0200","5.8900"
"2019/04/03","5.9800","2902569.0000","5.9000","6.0200","5.9000"
"2019/04/02","5.8800","3161668.0000","5.8500","5.9500","5.8210"
"2019/04/01","5.8500","4007255.0000","5.9400","5.9700","5.8200"
"2019/03/29","5.9200","5200835.0000","5.8900","5.9450","5.8300"
"2019/03/28","5.8600","2919913.0000","5.7900","5.8800","5.7300"
"2019/03/27","5.8000","3201345.0000","5.8100","5.8500","5.6500"
"2019/03/26","5.8000","3212662.0000","5.7600","5.9000","5.7600"
"2019/03/25","5.7400","4608286.0000","5.8400","5.9000","5.6700"
"2019/03/22","5.8300","4149088.0000","6.0500","6.0628","5.8100"
"2019/03/21","6.0600","5302391.0000","5.9700","6.0900","5.9350"
"2019/03/20","5.9800","5222598.0000","5.9200","6.0800","5.9100"
"2019/03/19","5.9300","2739508.0000","5.9100","5.9800","5.8600"
"2019/03/18","5.9000","3709845.0000","5.8700","5.9500","5.8300"
"2019/03/15","5.9000","4164865.0000","5.8800","5.9100","5.8200"
"2019/03/14","5.8700","2978776.0000","5.8900","5.9700","5.8500"
"2019/03/13","5.9200","3847379.0000","5.8700","5.9200","5.7800"
"2019/03/12","5.8500","3323985.0000","5.9000","5.9600","5.8000"
"2019/03/11","5.9000","5859999.0000","5.6700","5.9200","5.6700"
"2019/03/08","5.6800","4813546.0000","5.7000","5.7600","5.5900"
"2019/03/07","5.7500","7455225.0000","6.0300","6.1100","5.7000"
"2019/03/06","6.0300","7495646.0000","5.9500","6.2000","5.9500"
"2019/03/05","5.9200","5984555.0000","5.9400","6.0350","5.8700"
"2019/03/04","5.9400","8708742.0000","6.1800","6.2150","5.8800"
"2019/03/01","6.1400","9567307.0000","5.9900","6.2300","5.9601"
"2019/02/28","5.9200","22391850.0000","5.9000","6.0500","5.6800"
"2019/02/27","6.8700","17143720.0000","6.7000","6.9600","6.6300"
"2019/02/26","6.6100","8326025.0000","6.5000","6.7200","6.4100"
"2019/02/25","6.5600","7359865.0000","6.7200","6.8200","6.5600"
"2019/02/22","6.7000","4748120.0000","6.5100","6.7300","6.3600"
"2019/02/21","6.6300","4102275.0000","6.6500","6.6900","6.5500"
"2019/02/20","6.6400","6328641.0000","6.4000","6.7100","6.3900"
"2019/02/19","6.3800","4038871.0000","6.3800","6.5400","6.3600"
"2019/02/15","6.4100","3194550.0000","6.5100","6.5100","6.3900"
"2019/02/14","6.4700","3981839.0000","6.4000","6.5500","6.2400"
"2019/02/13","6.4500","4858819.0000","6.6700","6.7000","6.4300"
"2019/02/12","6.6700","3848282.0000","6.7000","6.7300","6.6100"
"2019/02/11","6.6600","4946269.0000","6.5100","6.6900","6.4500"
"2019/02/08","6.4900","3001913.0000","6.3900","6.5100","6.3400"
"2019/02/07","6.4500","3197614.0000","6.3800","6.4800","6.2650"
"2019/02/06","6.4300","4826152.0000","6.3600","6.4800","6.2100"
"2019/02/05","6.3500","9901508.0000","6.1500","6.5000","6.1100"
"2019/02/04","6.1700","2543747.0000","6.2100","6.2500","6.1300"
"2019/02/01","6.2000","3117363.0000","6.1800","6.2300","6.1000"
"2019/01/31","6.1700","4202952.0000","6.0800","6.2500","6.0800"
"2019/01/30","6.1000","3169545.0000","6.1100","6.1300","5.9600"
"2019/01/29","6.0000","2460498.0000","6.1900","6.2000","5.9800"
"2019/01/28","6.1800","2515580.0000","6.1300","6.2700","6.0880"
"2019/01/25","6.2200","2730349.0000","6.2300","6.2800","6.1200"
"2019/01/24","6.1900","3063716.0000","6.0600","6.2716","6.0500"
"2019/01/23","6.0500","2157420.0000","6.0800","6.1500","6.0000"
"2019/01/22","6.0600","3736965.0000","6.0200","6.1350","5.9700"
"2019/01/18","6.0500","4693655.0000","6.1300","6.1900","6.0200"
"2019/01/17","6.1100","3551550.0000","5.9800","6.1200","5.9399"
"2019/01/16","6.0300","3599532.0000","6.0600","6.1500","6.0100"
"2019/01/15","6.0600","3916530.0000","5.9100","6.0700","5.8700"
"2019/01/14","5.9100","3429973.0000","5.9200","5.9900","5.8200"
"2019/01/11","5.9900","6638742.0000","5.7000","6.1100","5.6600"
"2019/01/10","5.7200","2385987.0000","5.6300","5.7300","5.5600"
"2019/01/09","5.6800","3984873.0000","5.7000","5.8100","5.6300"
"2019/01/08","5.6800","4504423.0000","5.6000","5.7100","5.5200"
"2019/01/07","5.5700","4941313.0000","5.4800","5.5700","5.3900"
"2019/01/04","5.4300","5544220.0000","5.3300","5.5600","5.3000"
"2019/01/03","5.1800","4892705.0000","5.3000","5.3800","5.1400"
"2019/01/02","5.3700","5684776.0000","4.8700","5.4300","4.8100"
"2018/12/31","4.9700","3496599.0000","5.0700","5.1200","4.9300"
"2018/12/28","5.0300","4326240.0000","4.9500","5.1800","4.9250"
"2018/12/27","4.9400","5028952.0000","4.8800","4.9830","4.7500"
"2018/12/26","4.9800","5109072.0000","4.6900","4.9900","4.5850"
"2018/12/24","4.6200","3308349.0000","4.7200","4.8000","4.6200"
"2018/12/21","4.8000","8165311.0000","5.0050","5.0400","4.7300"
"2018/12/20","4.9900","5584336.0000","5.0500","5.2400","4.8700"
"2018/12/19","5.1000","6560018.0000","5.1000","5.2900","5.0600"
"2018/12/18","5.0800","6302169.0000","4.8700","5.1200","4.8650"
"2018/12/17","4.8300","4711643.0000","4.8700","5.0300","4.8100"
"2018/12/14","4.9000","4818462.0000","4.7800","4.9800","4.7001"
"2018/12/13","4.7900","6994802.0000","5.0100","5.0300","4.7100"
"2018/12/12","5.0000","7026412.0000","5.0400","5.1350","4.9600"
"2018/12/11","4.9600","5624428.0000","5.0700","5.1400","4.8700"
"2018/12/10","4.9700","5494594.0000","4.9500","5.0200","4.7600"
"2018/12/07","4.9800","4174786.0000","5.1200","5.2650","4.9500"
"2018/12/06","5.1500","6534874.0000","5.1200","5.1700","4.9300"
"2018/12/04","5.2100","5701234.0000","5.5200","5.6500","5.1750"
"2018/12/03","5.5400","5373842.0000","5.6600","5.7100","5.4700"
"2018/11/30","5.5100","3558586.0000","5.3700","5.5100","5.3150"
"2018/11/29","5.3800","2398875.0000","5.4000","5.4900","5.3600"
"2018/11/28","5.4100","4352119.0000","5.3700","5.4400","5.2600"
"2018/11/27","5.3400","3173569.0000","5.4100","5.4700","5.2900"
"2018/11/26","5.4700","2814324.0000","5.4500","5.5000","5.3800"
"2018/11/23","5.3800","1931233.0000","5.3000","5.4800","5.3000"
"2018/11/21","5.3300","3363514.0000","5.2000","5.4500","5.1800"
"2018/11/20","5.1200","6093419.0000","5.2100","5.3150","5.1000"
"2018/11/19","5.3100","5253349.0000","5.5700","5.5800","5.3100"
"2018/11/16","5.6100","3926783.0000","5.5900","5.6900","5.5100"
"2018/11/15","5.6600","4777131.0000","5.6100","5.6700","5.4150"
"2018/11/14","5.6100","5028836.0000","5.8600","5.9300","5.6000"
"2018/11/13","5.7600","5725167.0000","5.7500","5.9500","5.6800"
"2018/11/12","5.7400","6223156.0000","5.9200","5.9500","5.6200"
"2018/11/09","5.9600","7686916.0000","6.2800","6.3100","5.9000"
"2018/11/08","6.3600","5422948.0000","6.2600","6.4600","6.1700"
"2018/11/07","6.3100","6001529.0000","6.2800","6.4000","6.1598"
"2018/11/06","6.2400","9778956.0000","5.8900","6.2700","5.8600"
"2018/11/05","5.9000","9864438.0000","6.0700","6.1500","5.7600"
"2018/11/02","6.1000","16677960.0000","5.9700","6.2000","5.7900"
"2018/11/01","5.9500","48889190.0000","5.4800","6.2000","5.4500"
"2018/10/31","4.7300","10527750.0000","4.5300","4.8300","4.5300"
"2018/10/30","4.4200","6038975.0000","4.3100","4.5000","4.2600"
"2018/10/29","4.3300","8971843.0000","4.6200","4.7200","4.2300"
"2018/10/26","4.5600","6304869.0000","4.5900","4.6800","4.4000"
"2018/10/25","4.6700","3691599.0000","4.6200","4.7100","4.5300"
"2018/10/24","4.5800","5491411.0000","4.8000","4.8500","4.5700"
"2018/10/23","4.8100","4235205.0000","4.7000","4.8700","4.6000"
"2018/10/22","4.8200","3587638.0000","4.7900","4.8300","4.6300"
"2018/10/19","4.7500","3512526.0000","4.8600","4.9000","4.7200"
"2018/10/18","4.8400","3425030.0000","4.9500","4.9950","4.8000"
"2018/10/17","4.9800","4597368.0000","5.0600","5.0600","4.8850"
"2018/10/16","5.0800","6431197.0000","4.8800","5.0800","4.7900"
"2018/10/15","4.8400","7918407.0000","4.6000","5.0500","4.6000"
"2018/10/12","4.6200","9338669.0000","4.8300","4.8900","4.5300"
"2018/10/11","4.5000","11713790.0000","4.6100","4.7500","4.4600"
"2018/10/10","4.6500","7597894.0000","4.9300","5.0000","4.6500"
"2018/10/09","4.9400","4497796.0000","5.0500","5.1700","4.9300"
"2018/10/08","5.0700","4925676.0000","5.0400","5.1800","4.9300"
"2018/10/05","5.0400","6331043.0000","5.0200","5.2100","4.9919"
"2018/10/04","5.0000","6196597.0000","5.1600","5.2000","4.9300"
"2018/10/03","5.1400","8357582.0000","5.1600","5.2200","5.0200"
"2018/10/02","5.1100","5775100.0000","5.3400","5.4000","5.1100"
"2018/10/01","5.3500","6021413.0000","5.4000","5.4200","5.2800"
"2018/09/28","5.3500","5332091.0000","5.5300","5.5800","5.3500"
"2018/09/27","5.5500","3568387.0000","5.5200","5.6100","5.4500"
"2018/09/26","5.5100","4521600.0000","5.7100","5.7400","5.5000"
"2018/09/25","5.6900","4131957.0000","5.6600","5.7800","5.6100"
"2018/09/24","5.6600","4994077.0000","5.9000","5.9100","5.6300"
"2018/09/21","5.9400","5705663.0000","6.0700","6.1100","5.9100"
"2018/09/20","6.0800","6182500.0000","6.1300","6.1900","6.0000"
"2018/09/19","6.1100","11631370.0000","6.1600","6.2600","5.8200"
"2018/09/18","5.8000","5151515.0000","5.4500","5.8500","5.4450"
"2018/09/17","5.4500","6270101.0000","5.4800","5.5400","5.3200"
"2018/09/14","5.5100","6187890.0000","5.5900","5.5950","5.4000"
"2018/09/13","5.6400","6019382.0000","5.6200","5.7000","5.5100"
"2018/09/12","5.5300","8888367.0000","5.9300","6.0300","5.5100"
"2018/09/11","5.9400","2998687.0000","5.8900","5.9500","5.7700"
"2018/09/10","5.9200","3332554.0000","5.9100","5.9900","5.8800"
"2018/09/07","5.8700","2313002.0000","5.7900","5.9700","5.7700"
"2018/09/06","5.8400","3079769.0000","5.8800","5.9400","5.7700"
"2018/09/05","5.8800","3913682.0000","5.8300","5.9600","5.8000"
"2018/09/04","5.8300","4789763.0000","6.1000","6.1250","5.7800"
"2018/08/31","6.0200","7960857.0000","6.0600","6.1100","5.9000"
"2018/08/30","6.0600","5197786.0000","6.2700","6.2700","5.9700"
"2018/08/29","6.2900","4910260.0000","6.2600","6.3100","6.0900"
"2018/08/28","6.2600","2501261.0000","6.2700","6.3800","6.2300"
"2018/08/27","6.2400","9870481.0000","6.0200","6.3700","6.0000"
"2018/08/24","6.0400","4213398.0000","6.0600","6.1000","5.9500"
"2018/08/23","6.0700","3684747.0000","6.0600","6.1400","6.0300"
"2018/08/22","6.0600","3084852.0000","6.0700","6.1800","6.0500"
"2018/08/21","6.0800","6363161.0000","6.0200","6.2000","5.9400"
"2018/08/20","6.0100","6621759.0000","5.7200","6.0500","5.7200"
"2018/08/17","5.7000","3795101.0000","5.4500","5.7500","5.3800"
"2018/08/16","5.4600","2984268.0000","5.3200","5.4900","5.3200"
"2018/08/15","5.2800","6110992.0000","5.3900","5.4100","5.1600"
"2018/08/14","5.4200","2566445.0000","5.4100","5.4900","5.3900"
"2018/08/13","5.4000","3750277.0000","5.5400","5.5900","5.3800"
"2018/08/10","5.5200","2652375.0000","5.5700","5.6300","5.5200"
"2018/08/09","5.6200","3022610.0000","5.6000","5.7450","5.5531"
"2018/08/08","5.6000","4830900.0000","5.5900","5.7900","5.5500"
"2018/08/07","5.5600","4942402.0000","5.4500","5.5800","5.4000"
"2018/08/06","5.4500","7134021.0000","5.4700","5.5400","5.3300"
"2018/08/03","5.4600","4296368.0000","5.4700","5.5820","5.4400"
"2018/08/02","5.4500","20482830.0000","6.1000","6.1400","5.3000"
"2018/08/01","5.9200","14334170.0000","6.0500","6.0700","5.7800"
"2018/07/31","5.9300","5757439.0000","5.7200","6.0300","5.7100"
"2018/07/30","5.7200","4591564.0000","5.7300","5.8700","5.6701"
"2018/07/27","5.7500","5709111.0000","5.9800","6.0300","5.7000"
"2018/07/26","5.9800","4157286.0000","5.9600","6.0700","5.8600"
"2018/07/25","5.9700","3914658.0000","5.9900","6.0850","5.9500"
"2018/07/24","6.0000","4773895.0000","6.0300","6.1700","5.9300"
"2018/07/23","6.0200","6246050.0000","6.1000","6.1400","5.9400"
"2018/07/20","6.0700","8299671.0000","6.5200","6.5200","6.0500"
"2018/07/19","6.5200","3675942.0000","6.6400","6.6400","6.5100"
"2018/07/18","6.6500","2644021.0000","6.7300","6.7500","6.6200"
"2018/07/17","6.7400","3239392.0000","6.6300","6.7900","6.6000"
"2018/07/16","6.6700","2266351.0000","6.6400","6.6900","6.5450"
"2018/07/13","6.6500","2949646.0000","6.6400","6.7800","6.5750"
"2018/07/12","6.6500","2918679.0000","6.6600","6.7000","6.5400"
"2018/07/11","6.6000","4284133.0000","6.8600","6.9250","6.5800"
"2018/07/10","6.9300","3118960.0000","7.0500","7.1200","6.8800"
"2018/07/09","7.0500","4837689.0000","6.9600","7.1100","6.8600"
"2018/07/06","6.8600","4304042.0000","6.6100","6.8700","6.6000"
"2018/07/05","6.6100","4315032.0000","6.5900","6.6200","6.5100"
"2018/07/03","6.5400","1947379.0000","6.6100","6.6500","6.5000"
"2018/07/02","6.6100","5649766.0000","6.5000","6.6200","6.3300"
"2018/06/29","6.5300","3063933.0000","6.6600","6.7400","6.5300"
"2018/06/28","6.6200","4174803.0000","6.5400","6.6700","6.4200"
"2018/06/27","6.5600","5949469.0000","6.8300","6.8900","6.4700"
"2018/06/26","6.8300","4807305.0000","6.8900","6.9500","6.7500"
"2018/06/25","6.7700","7776219.0000","6.9100","6.9300","6.6700"
"2018/06/22","7.0100","10042680.0000","7.2000","7.2250","6.9000"
"2018/06/21","7.1200","6373706.0000","7.4500","7.4500","7.1100"
"2018/06/20","7.4300","7590466.0000","7.2300","7.4500","7.1900"
"2018/06/19","7.1900","5412954.0000","7.1300","7.2300","7.0300"
"2018/06/18","7.2300","7316081.0000","7.2100","7.4200","7.2000"
"2018/06/15","7.2100","8202434.0000","7.3300","7.3800","7.1400"
"2018/06/14","7.4200","12586710.0000","7.3700","7.5800","7.1600"
"2018/06/13","7.3900","18351670.0000","7.6700","7.7000","7.2750"
"2018/06/12","7.5900","31192520.0000","7.3500","7.7900","7.1500"
"2018/06/11","7.2800","56589050.0000","6.4300","7.5900","6.2500"
"2018/06/08","6.3500","13601070.0000","6.5100","6.6700","6.1200"
"2018/06/07","6.5100","11422450.0000","6.3900","6.6600","6.3600"
"2018/06/06","6.3900","15920390.0000","6.1600","6.5500","5.8100"
"2018/06/05","6.2500","11556010.0000","5.8900","6.3800","5.8700"
"2018/06/04","5.8600","6709663.0000","5.6700","5.8700","5.5200"
"2018/06/01","5.5200","3120357.0000","5.4800","5.5600","5.4350"
"2018/05/31","5.4300","2213996.0000","5.4000","5.5100","5.3700"
"2018/05/30","5.3900","2400499.0000","5.4300","5.4900","5.3600"
"2018/05/29","5.4000","3414934.0000","5.4800","5.5000","5.2400"
"2018/05/25","5.5100","4415486.0000","5.2400","5.5200","5.2320"
"2018/05/24","5.2500","3949414.0000","5.2100","5.2700","5.1700"
"2018/05/23","5.2200","2645122.0000","5.2300","5.2800","5.1600"
"2018/05/22","5.2300","1788545.0000","5.2500","5.3000","5.2200"
"2018/05/21","5.2500","2120496.0000","5.2100","5.2700","5.1800"
"2018/05/18","5.1900","2128637.0000","5.2100","5.2100","5.1500"
"2018/05/17","5.1900","2247520.0000","5.2100","5.2800","5.1700"
"2018/05/16","5.2000","2986648.0000","5.1800","5.3200","5.1700"
"2018/05/15","5.2600","2607317.0000","5.1400","5.2600","5.1200"
"2018/05/14","5.1900","3565008.0000","5.2300","5.3500","5.1200"
"2018/05/11","5.2100","3406983.0000","5.2900","5.3400","5.1500"
"2018/05/10","5.2900","3032356.0000","5.3400","5.4400","5.2800"
"2018/05/09","5.3600","4669938.0000","5.0600","5.3700","5.0300"
"2018/05/08","5.0800","4148755.0000","4.9600","5.1200","4.9200"
"2018/05/07","4.9800","4903788.0000","4.9700","4.9900","4.8700"
"2018/05/04","4.9500","5257774.0000","4.8900","5.0150","4.8300"
"2018/05/03","4.8400","14751000.0000","5.2200","5.2700","4.8300"
"2018/05/02","5.5000","8818086.0000","5.5100","5.7500","5.4400"
"2018/05/01","5.5000","3405426.0000","5.5100","5.5300","5.3400"
"2018/04/30","5.5500","10726950.0000","5.5800","5.8200","5.4800"
"2018/04/27","5.3000","2063671.0000","5.3400","5.3587","5.2500"
"2018/04/26","5.3600","2309166.0000","5.2400","5.3700","5.2000"
"2018/04/25","5.2300","2530286.0000","5.2700","5.3300","5.1800"
"2018/04/24","5.2500","2377508.0000","5.1500","5.2600","5.1100"
"2018/04/23","5.1200","1967066.0000","5.1300","5.1700","5.0500"
"2018/04/20","5.1100","2133319.0000","5.1900","5.2100","5.1000"
"2018/04/19","5.1900","2232396.0000","5.2600","5.3200","5.1600"
"2018/04/18","5.2800","2937685.0000","5.3000","5.3400","5.1700"
"2018/04/17","5.2700","3352221.0000","5.3800","5.4300","5.2600"
"2018/04/16","5.3200","4904903.0000","5.3500","5.4300","5.2850"
"2018/04/13","5.3400","4127799.0000","5.3200","5.4400","5.3000"
"2018/04/12","5.3200","3175432.0000","5.2000","5.3400","5.1650"
"2018/04/11","5.1700","3309328.0000","4.8500","5.1800","4.8400"
"2018/04/10","4.9600","2882122.0000","4.8700","4.9950","4.8500"
"2018/04/09","4.8300","2243918.0000","4.8200","4.8600","4.7500"
"2018/04/06","4.7900","2960437.0000","4.8800","4.9900","4.7200"
"2018/04/05","4.9100","2988222.0000","4.8000","4.9200","4.7700"
"2018/04/04","4.7800","4837452.0000","4.5500","4.8100","4.5200"
"2018/04/03","4.6400","5118289.0000","4.5800","4.6600","4.5150"
"2018/04/02","4.6200","15569360.0000","4.8300","4.8500","4.5100"
"2018/03/29","5.1000","4907315.0000","4.9500","5.1800","4.9400"
"2018/03/28","4.9100","3309950.0000","4.8900","5.0000","4.8700"
"2018/03/27","4.8800","3264663.0000","5.0000","5.0600","4.8700"
"2018/03/26","4.9500","4013210.0000","5.0800","5.1000","4.8600"
"2018/03/23","4.9400","4954764.0000","5.1200","5.1900","4.9101"
"2018/03/22","5.1100","3204133.0000","5.1800","5.2400","5.0800"
"2018/03/21","5.2700","3165543.0000","5.3200","5.3700","5.2100"
"2018/03/20","5.2800","3223202.0000","5.3800","5.4100","5.2600"
"2018/03/19","5.3700","4325142.0000","5.4100","5.4300","5.2600"
"2018/03/16","5.2600","2890017.0000","5.2500","5.2900","5.1700"
"2018/03/15","5.2500","2998321.0000","5.3300","5.3300","5.1550"
"2018/03/14","5.3100","3277231.0000","5.4100","5.4500","5.3000"
"2018/03/13","5.3900","6589070.0000","5.3400","5.4600","5.3200"
"2018/03/12","5.3100","4881570.0000","5.2300","5.3500","5.2000"
"2018/03/09","5.1900","3881286.0000","5.1300","5.2100","5.0700"
"2018/03/08","5.1200","4601056.0000","5.2400","5.3000","5.0300"
"2018/03/07","5.2600","3650695.0000","5.1800","5.2700","5.1200"
"2018/03/06","5.2400","6152661.0000","5.1400","5.2900","5.1300"
"2018/03/05","5.1300","7154815.0000","4.8900","5.1950","4.8900"
"2018/03/02","4.9700","7106764.0000","4.7300","5.0000","4.7100"
"2018/03/01","4.8000","7294850.0000","4.7800","4.8300","4.6801"
"2018/02/28","4.7800","9627868.0000","4.8200","4.8900","4.7500"
"2018/02/27","4.8600","38382960.0000","4.8000","5.0900","4.6700"
"2018/02/26","5.5400","15582600.0000","5.3800","5.6100","5.3500"
"2018/02/23","5.2800","4482550.0000","5.2400","5.3300","5.2200"
"2018/02/22","5.2000","4536825.0000","5.4300","5.4600","5.1900"
"2018/02/21","5.4100","3164258.0000","5.4700","5.5500","5.4000"
"2018/02/20","5.4400","3315277.0000","5.4400","5.5400","5.4100"
"2018/02/16","5.4700","3732213.0000","5.3800","5.4800","5.3500"
"2018/02/15","5.4100","4966565.0000","5.6100","5.6300","5.3700"
"2018/02/14","5.5900","12130350.0000","5.2400","5.6900","5.1500"
"2018/02/13","5.1100","5119597.0000","5.1300","5.2100","5.0600"
"2018/02/12","5.1800","4269481.0000","5.1800","5.2000","5.0300"
"2018/02/09","5.1400","8393308.0000","5.1600","5.2100","4.9000"
"2018/02/08","5.1000","4279201.0000","5.2600","5.3000","5.0850"
"2018/02/07","5.2500","3107589.0000","5.2100","5.2900","5.1790"
"2018/02/06","5.2100","5050869.0000","5.0000","5.2300","4.9300"
"2018/02/05","5.0300","5303045.0000","5.1600","5.2800","5.0300"
"2018/02/02","5.2000","4656749.0000","5.1700","5.3000","5.0900"
"2018/02/01","5.2000","4169897.0000","5.1300","5.2500","5.0800"
"2018/01/31","5.1500","5606902.0000","5.3300","5.3505","5.1100"
"2018/01/30","5.2000","6274879.0000","5.1900","5.2800","5.0800"
"2018/01/29","5.2000","5936331.0000","5.2600","5.2836","5.1500"
"2018/01/26","5.2800","6390014.0000","5.4300","5.4400","5.2300"
"2018/01/25","5.4200","4340811.0000","5.5300","5.5300","5.3600"
"2018/01/24","5.4900","4574251.0000","5.5500","5.6150","5.4500"
"2018/01/23","5.5500","5382444.0000","5.5800","5.6500","5.4900"
"2018/01/22","5.6000","7155736.0000","5.5100","5.6000","5.3700"
"2018/01/19","5.5600","5309540.0000","5.5200","5.5950","5.4700"
"2018/01/18","5.5300","3653510.0000","5.6200","5.6200","5.5100"
"2018/01/17","5.6300","6765393.0000","5.5200","5.6800","5.4800"
"2018/01/16","5.5100","5166181.0000","5.6900","5.6900","5.4800"
"2018/01/12","5.6400","6738837.0000","5.7400","5.7900","5.6000"
"2018/01/11","5.7200","5935748.0000","5.6100","5.7400","5.5500"
"2018/01/10","5.5900","4024488.0000","5.6100","5.6550","5.5400"
"2018/01/09","5.6600","5952859.0000","5.6800","5.7000","5.5000"
"2018/01/08","5.6500","10750780.0000","5.9000","5.9600","5.5850"
"2018/01/05","5.9000","8219474.0000","6.1200","6.1200","5.8500"
"2018/01/04","5.9800","5324596.0000","6.1600","6.1900","5.9300"
"2018/01/03","6.1300","5001890.0000","6.0000","6.2200","5.9600"
"2018/01/02","6.0100","6279762.0000","5.7800","6.0400","5.7400"
"2017/12/29","5.7100","5485873.0000","5.9200","5.9400","5.7000"
"2017/12/28","5.9100","3326386.0000","5.8800","5.9500","5.8300"
"2017/12/27","5.8900","4976056.0000","5.9500","6.0550","5.8700"
"2017/12/26","5.9700","2957264.0000","6.0100","6.0700","5.9200"
"2017/12/22","6.0100","5366557.0000","6.0200","6.0500","5.9200"
"2017/12/21","6.0600","5046730.0000","6.1800","6.2000","6.0500"
"2017/12/20","6.1900","3106862.0000","6.2200","6.2290","6.0800"
"2017/12/19","6.1800","7271100.0000","6.3900","6.4500","6.1000"
"2017/12/18","6.3900","4368554.0000","6.2800","6.4300","6.2500"
"2017/12/15","6.3000","14842160.0000","6.3800","6.4300","6.0600"
"2017/12/14","6.8200","4645481.0000","7.0000","7.1200","6.8100"
"2017/12/13","7.0200","2625527.0000","7.0000","7.1700","6.9600"
"2017/12/12","6.9900","4567056.0000","7.1800","7.2214","6.9300"
"2017/12/11","7.1400","7103161.0000","7.0100","7.3200","6.9300"
"2017/12/08","6.9700","4594890.0000","6.8300","6.9900","6.7700"
"2017/12/07","6.7800","3156942.0000","6.7400","6.9300","6.7300"
"2017/12/06","6.7800","2951012.0000","6.6400","6.7900","6.5500"
"2017/12/05","6.6600","3762709.0000","6.7100","6.8490","6.6600"
"2017/12/04","6.6900","3950450.0000","6.8400","6.9000","6.6300"
"2017/12/01","6.7700","4741765.0000","6.8400","6.9300","6.7100"
"2017/11/30","6.8600","4780691.0000","6.7800","6.9500","6.7400"
"2017/11/29","6.7400","5159533.0000","6.7800","6.9500","6.6300"
"2017/11/28","6.7400","2799066.0000","6.6300","6.7500","6.5700"
"2017/11/27","6.6200","4042598.0000","6.7100","6.7300","6.5500"
"2017/11/24","6.7100","1973286.0000","6.6900","6.7750","6.6500"
"2017/11/22","6.6500","6207866.0000","6.4900","6.7400","6.4500"
"2017/11/21","6.4800","4223284.0000","6.3800","6.5400","6.3700"
"2017/11/20","6.3700","4837773.0000","6.2500","6.4000","6.2253"
"2017/11/17","6.2300","5308337.0000","6.0000","6.2800","5.9900"
"2017/11/16","6.0300","4258587.0000","6.0400","6.1600","5.9950"
"2017/11/15","6.1300","6040931.0000","5.9200","6.2500","5.9200"
"2017/11/14","6.0000","3460845.0000","5.9100","6.0200","5.8400"
"2017/11/13","5.9800","3206926.0000","5.9000","6.0000","5.8200"
"2017/11/10","5.9300","4000421.0000","5.8100","5.9800","5.8000"
"2017/11/09","5.8100","5865523.0000","5.8700","5.9300","5.7900"
"2017/11/08","5.8800","4924563.0000","6.0300","6.0500","5.8600"
"2017/11/07","6.0700","4704965.0000","6.1100","6.1500","6.0000"
"2017/11/06","6.0600","4557730.0000","6.0000","6.0900","5.9700"
"2017/11/03","6.0200","4367982.0000","5.9700","6.0700","5.9500"
"2017/11/02","5.9700","11539550.0000","6.0800","6.0800","5.6100"
"2017/11/01","6.2500","10477920.0000","6.2500","6.3800","6.2000"
"2017/10/31","6.1400","5548324.0000","6.1100","6.2400","6.1100"
"2017/10/30","6.1000","3666795.0000","6.0400","6.2100","6.0300"
"2017/10/27","6.0600","4570199.0000","6.0300","6.1600","6.0200"
"2017/10/26","6.0300","3462696.0000","6.1000","6.1199","5.9600"
"2017/10/25","6.1100","5341615.0000","6.1000","6.1300","5.8800"
"2017/10/24","6.0600","4732577.0000","6.1100","6.2200","6.0300"
"2017/10/23","6.0700","3738885.0000","6.1500","6.1700","6.0400"
"2017/10/20","6.1200","6002107.0000","6.2200","6.3100","6.1200"
"2017/10/19","6.1100","6676958.0000","6.2900","6.3500","6.0900"
"2017/10/18","6.3500","5299720.0000","6.4500","6.5250","6.3200"
"2017/10/17","6.4200","5188553.0000","6.5400","6.6300","6.3500"
"2017/10/16","6.5200","4408167.0000","6.6500","6.7400","6.5100"
"2017/10/13","6.6200","3117999.0000","6.7400","6.7600","6.6100"
"2017/10/12","6.6900","5783241.0000","6.5600","6.7950","6.5500"
"2017/10/11","6.5600","2495535.0000","6.6100","6.6300","6.5300"
"2017/10/10","6.6100","3390296.0000","6.6000","6.6400","6.5000"
"2017/10/09","6.5900","4790091.0000","6.5200","6.7000","6.5092"
"2017/10/06","6.5100","3241295.0000","6.4600","6.5699","6.4200"
"2017/10/05","6.4600","5360253.0000","6.5300","6.6000","6.4000"
"2017/10/04","6.5200","4886102.0000","6.6700","6.7180","6.5000"
"2017/10/03","6.6600","9010611.0000","6.7100","6.8550","6.5600"
"2017/10/02","6.9000","4639883.0000","6.9400","6.9500","6.8000"
"2017/09/29","6.9600","6066190.0000","6.9300","6.9800","6.8000"
"2017/09/28","6.9100","6441267.0000","7.0500","7.0600","6.8000"
"2017/09/27","6.9800","10343350.0000","6.6500","7.0900","6.6400"
"2017/09/26","6.5700","6167387.0000","6.4400","6.5900","6.4340"
"2017/09/25","6.4400","5321565.0000","6.3400","6.5700","6.3400"
"2017/09/22","6.3100","3450884.0000","6.2600","6.4100","6.2300"
"2017/09/21","6.2900","4919341.0000","6.2900","6.4300","6.2310"
"2017/09/20","6.2700","5799582.0000","6.2300","6.3500","6.2000"
"2017/09/19","6.2400","7978189.0000","6.5100","6.5600","6.2100"
"2017/09/18","6.5600","4621459.0000","6.6100","6.6800","6.5050"
"2017/09/15","6.5900","10672120.0000","6.8700","6.8700","6.5000"
"2017/09/14","6.8800","10486350.0000","6.7500","6.9000","6.5700"
"2017/09/13","6.6500","10584230.0000","6.2200","6.7500","6.2200"
"2017/09/12","6.2600","9433588.0000","6.2000","6.4700","6.0900"
"2017/09/11","6.2600","6215188.0000","6.3600","6.4200","6.2000"
"2017/09/08","6.2900","10485530.0000","6.6400","6.7700","6.2700"
"2017/09/07","6.4900","20990610.0000","6.1600","6.7800","6.1400"
"2017/09/06","5.9100","3748508.0000","5.9100","6.0200","5.8400"
"2017/09/05","5.8700","4562165.0000","5.8000","5.8800","5.6900"
"2017/09/01","5.8900","4691040.0000","6.0400","6.0800","5.8600"
"2017/08/31","6.0300","4597001.0000","6.0300","6.1000","5.9800"
"2017/08/30","5.9700","5296782.0000","5.9500","6.0400","5.8100"
"2017/08/29","5.9300","9026693.0000","5.9500","6.0700","5.9200"
"2017/08/28","5.9400","13470640.0000","5.7500","6.1700","5.7400"
"2017/08/25","5.7300","5336972.0000","5.7000","5.8300","5.6000"
"2017/08/24","5.6600","6019790.0000","5.4800","5.7700","5.4800"
"2017/08/23","5.4900","4517427.0000","5.2800","5.5100","5.2000"
"2017/08/22","5.3200","6586043.0000","5.2000","5.3650","5.1700"
"2017/08/21","5.0600","7603547.0000","5.2500","5.3100","5.0400"
"2017/08/18","5.2300","4344249.0000","5.2200","5.3100","5.1900"
"2017/08/17","5.2600","6848424.0000","5.4300","5.5050","5.2300"
"2017/08/16","5.4800","5032751.0000","5.5200","5.5800","5.4000"
"2017/08/15","5.5200","5243017.0000","5.6900","5.8100","5.5100"
"2017/08/14","5.6900","5599688.0000","5.6300","5.8000","5.5800"
"2017/08/11","5.5700","5623234.0000","5.6200","5.6900","5.4800"
"2017/08/10","5.6400","7632467.0000","5.8700","6.0100","5.6000"
"2017/08/09","5.9300","5807046.0000","5.8400","6.0500","5.7800"
"2017/08/08","5.8900","11074790.0000","5.6700","6.0900","5.6700"
"2017/08/07","5.7300","5764824.0000","5.6100","5.8100","5.5700"
"2017/08/04","5.6300","11155300.0000","5.8200","5.8900","5.6100"
"2017/08/03","5.8400","24432010.0000","5.4000","5.9000","5.3000"
"2017/08/02","5.0700","10951910.0000","5.1000","5.1400","5.0000"
"2017/08/01","5.0800","6008677.0000","5.1600","5.2100","5.0200"
"2017/07/31","5.1600","4102519.0000","5.2400","5.2600","5.1000"
"2017/07/28","5.2200","3838617.0000","5.2300","5.3200","5.2100"
"2017/07/27","5.2700","8684863.0000","5.4200","5.4200","5.1700"
"2017/07/26","5.4000","7777878.0000","5.7100","5.7550","5.3900"
"2017/07/25","5.7700","4092307.0000","5.6000","5.7900","5.5900"
"2017/07/24","5.6300","3409413.0000","5.6200","5.6700","5.5200"
"2017/07/21","5.6100","3640849.0000","5.7800","5.8100","5.5900"
"2017/07/20","5.7600","3133285.0000","5.7500","5.8400","5.7130"
"2017/07/19","5.7700","3034958.0000","5.6700","5.7800","5.6200"
"2017/07/18","5.6700","7603120.0000","5.7100","5.7700","5.5100"
"2017/07/17","5.7200","5087358.0000","5.7600","5.9400","5.6700"
"2017/07/14","5.7700","4712982.0000","5.6700","5.7700","5.5500"
"2017/07/13","5.6900","10629630.0000","5.3200","5.7850","5.3000"
"2017/07/12","5.3600","6700770.0000","5.2400","5.4300","5.2220"
"2017/07/11","5.2400","4662025.0000","5.1700","5.2400","5.1200"
"2017/07/10","5.2300","4609377.0000","5.2600","5.3000","5.1500"
"2017/07/07","5.2400","3904245.0000","5.2300","5.3400","5.1800"
"2017/07/06","5.2200","5461162.0000","5.3100","5.3700","5.2000"
"2017/07/05","5.3200","4713158.0000","5.3100","5.3600","5.2100"
"2017/07/03","5.3200","2561120.0000","5.3200","5.3800","5.2500"
"2017/06/30","5.3100","5124291.0000","5.4000","5.4000","5.2300"
"2017/06/29","5.4000","4954875.0000","5.3200","5.4600","5.2600"
"2017/06/28","5.3000","4839768.0000","5.3300","5.4700","5.2700"
"2017/06/27","5.3100","7330232.0000","5.4600","5.5800","5.2900"
"2017/06/26","5.4400","10905000.0000","5.1900","5.5000","5.1300"
"2017/06/23","5.1600","20370420.0000","5.1600","5.1700","5.0200"
"2017/06/22","5.0900","6166374.0000","4.9800","5.1500","4.9000"
"2017/06/21","4.9900","5686357.0000","5.0100","5.0900","4.9700"
"2017/06/20","5.0200","5089903.0000","5.1100","5.2000","5.0000"
"2017/06/19","5.1500","4515768.0000","5.1000","5.1600","5.0000"
"2017/06/16","5.0600","7143002.0000","5.0900","5.1200","4.9900"
"2017/06/15","5.1100","3610064.0000","5.1200","5.1700","5.0800"
"2017/06/14","5.1400","4436515.0000","5.2200","5.2600","5.1200"
"2017/06/13","5.2200","3739982.0000","5.2500","5.2900","5.1688"
"2017/06/12","5.2400","5548156.0000","5.1500","5.3100","5.1400"
"2017/06/09","5.1500","7793875.0000","5.3300","5.3500","5.1200"
"2017/06/08","5.3200","4638313.0000","5.2900","5.4100","5.2300"
"2017/06/07","5.2600","6372070.0000","5.4000","5.4900","5.2350"
"2017/06/06","5.3400","4432527.0000","5.2700","5.4400","5.2700"
"2017/06/05","5.4200","4552017.0000","5.4700","5.5100","5.3700"
"2017/06/02","5.5100","5756157.0000","5.5500","5.5500","5.4200"
"2017/06/01","5.5700","11896450.0000","5.2600","5.7000","5.2200"
"2017/05/31","5.2300","9612919.0000","5.3300","5.3500","5.0350"
"2017/05/30","5.3200","5991740.0000","5.2800","5.4300","5.2450"
"2017/05/26","5.3100","6415003.0000","5.4600","5.4900","5.2800"
"2017/05/25","5.3900","4962655.0000","5.5200","5.5450","5.3800"
"2017/05/24","5.4900","5913974.0000","5.5800","5.6350","5.4500"
"2017/05/23","5.5600","4168730.0000","5.6400","5.6800","5.5600"
"2017/05/22","5.6100","4297590.0000","5.5000","5.6900","5.4600"
"2017/05/19","5.5000","7153846.0000","5.4400","5.5500","5.4100"
"2017/05/18","5.4100","8781728.0000","5.5200","5.6100","5.3800"
"2017/05/17","5.5600","7316450.0000","5.6800","5.7192","5.5000"
"2017/05/16","5.7400","7304525.0000","5.7700","5.8700","5.7300"
"2017/05/15","5.9000","5252103.0000","5.7700","5.9500","5.7700"
"2017/05/12","5.7500","7153913.0000","5.9800","6.0000","5.7500"
"2017/05/11","5.9800","6169051.0000","6.1000","6.1100","5.9600"
"2017/05/10","6.1300","8503255.0000","6.2300","6.2500","6.0500"
"2017/05/09","6.2400","11157290.0000","6.3300","6.3500","6.1100"
"2017/05/08","6.3400","10195340.0000","6.1500","6.5500","6.1400"
"2017/05/05","6.1500","20661780.0000","6.2400","6.2500","6.0100"
"2017/05/04","6.3700","35051240.0000","6.1100","6.8000","6.0700"
"2017/05/03","5.6800","10626340.0000","5.8100","5.8600","5.5800"
"2017/05/02","5.8100","4145032.0000","5.7100","5.8400","5.7000"
"2017/05/01","5.6900","5117767.0000","5.7200","5.7700","5.6400"
"2017/04/28","5.7200","5130096.0000","5.8500","5.9200","5.7100"
"2017/04/27","5.9300","4350555.0000","5.9300","5.9600","5.7800"
"2017/04/26","5.9000","6239699.0000","5.8000","5.9900","5.7700"
"2017/04/25","5.7900","4860479.0000","5.7800","5.8100","5.7100"
"2017/04/24","5.6600","4890415.0000","5.5900","5.7300","5.5700"
"2017/04/21","5.6100","2878594.0000","5.7200","5.7400","5.6100"
"2017/04/20","5.7200","3332966.0000","5.7200","5.7500","5.6600"
"2017/04/19","5.7000","6975109.0000","5.6400","5.7700","5.6300"
"2017/04/18","5.5700","4901360.0000","5.4600","5.6000","5.4100"
"2017/04/17","5.4800","4140311.0000","5.3700","5.5000","5.3700"
"2017/04/13","5.3700","7359440.0000","5.4500","5.4600","5.3200"
"2017/04/12","5.4800","6216462.0000","5.5600","5.6500","5.4200"
"2017/04/11","5.5800","7574864.0000","5.7300","5.7901","5.5600"
"2017/04/10","5.7700","7029622.0000","5.5300","5.7900","5.4900"
"2017/04/07","5.5100","7469942.0000","5.6300","5.6950","5.5000"
"2017/04/06","5.6600","6267608.0000","5.6700","5.7500","5.5700"
"2017/04/05","5.7100","8164482.0000","5.7200","5.8450","5.6600"
"2017/04/04","5.6600","5598183.0000","5.7900","5.8200","5.6000"
"2017/04/03","5.8200","8458655.0000","5.9300","5.9400","5.7300"
"2017/03/31","5.9200","5252777.0000","5.8500","5.9800","5.8500"
"2017/03/30","5.8400","4174566.0000","5.8600","5.9300","5.8200"
"2017/03/29","5.8700","5921194.0000","5.7500","5.9600","5.7500"
"2017/03/28","5.7500","5107593.0000","5.6600","5.7900","5.6400"
"2017/03/27","5.6900","9502270.0000","5.3300","5.7400","5.3100"
"2017/03/24","5.4000","3895966.0000","5.4100","5.4700","5.3300"
"2017/03/23","5.3900","7058156.0000","5.4300","5.5300","5.3800"
"2017/03/22","5.4700","10984660.0000","5.6700","5.6700","5.3800"
"2017/03/21","5.6000","16568400.0000","5.7500","5.9000","5.5600"
"2017/03/20","5.7400","9185444.0000","5.7800","5.8400","5.6500"
"2017/03/17","5.6800","19975140.0000","6.1000","6.1000","5.6600"
"2017/03/16","6.1000","14359520.0000","5.7500","6.1800","5.7300"
"2017/03/15","5.7000","8799739.0000","5.5300","5.7550","5.4600"
"2017/03/14","5.5400","8913229.0000","5.6000","5.6099","5.4500"
"2017/03/13","5.6400","15598560.0000","5.7800","5.8000","5.5500"
"2017/03/10","5.8600","6784296.0000","5.8900","5.9500","5.8200"
"2017/03/09","5.8500","7100463.0000","5.9000","5.9200","5.7600"
"2017/03/08","5.8600","6003921.0000","5.9100","6.0000","5.8400"
"2017/03/07","5.8900","7542654.0000","6.0700","6.1350","5.8400"
"2017/03/06","6.0000","8491577.0000","6.0700","6.2000","5.9100"
"2017/03/03","6.0700","6471184.0000","6.1600","6.2400","6.0700"
"2017/03/02","6.1400","11628410.0000","6.1600","6.2800","6.0410"
"2017/03/01","6.2500","7803422.0000","6.2500","6.4000","6.2000"
"2017/02/28","6.2100","8055154.0000","6.3200","6.3900","6.2000"
"2017/02/27","6.3800","12305880.0000","6.1500","6.4800","6.0500"
"2017/02/24","6.1500","16416380.0000","5.9700","6.1700","5.7500"
"2017/02/23","6.0700","14386960.0000","5.9200","6.0900","5.7200"
"2017/02/22","5.8800","12180140.0000","6.1100","6.1400","5.8000"
"2017/02/21","6.0400","6891244.0000","6.0000","6.0900","5.9792"
"2017/02/17","5.9600","6648553.0000","6.0800","6.0900","5.9100"
"2017/02/16","6.0600","12376070.0000","5.9500","6.1300","5.9000"
"2017/02/15","5.9300","6600732.0000","5.9000","5.9550","5.8600"
"2017/02/14","5.8600","6420338.0000","5.7500","5.9400","5.7500"
"2017/02/13","5.7300","7009119.0000","5.9100","5.9100","5.7200"
"2017/02/10","5.8600","5634600.0000","5.7500","5.9500","5.7500"
"2017/02/09","5.7700","8628432.0000","5.8000","5.8100","5.6200"
"2017/02/08","5.8100","7984919.0000","5.7900","5.8300","5.6900"
"2017/02/07","5.7800","8345386.0000","5.9600","6.0000","5.7500"
"2017/02/06","5.9500","10215050.0000","6.0600","6.0900","5.9400"
"2017/02/03","6.0900","7913172.0000","6.1100","6.1500","6.0000"
"2017/02/02","6.1300","13135830.0000","6.0000","6.1900","5.9100"
"2017/02/01","5.9400","11321610.0000","5.9800","6.0100","5.8100"
"2017/01/31","6.0100","12563110.0000","5.9700","6.0400","5.9100"
"2017/01/30","6.0600","48096700.0000","6.3100","6.6600","5.9000"
"2017/01/27","7.2100","6565000.0000","7.3900","7.3900","7.1500"
"2017/01/26","7.4100","8461723.0000","7.3100","7.4700","7.3000"
"2017/01/25","7.3000","9253311.0000","7.2600","7.3300","7.1300"
"2017/01/24","7.2400","11380910.0000","7.0700","7.2900","7.0700"
"2017/01/23","7.1000","6866374.0000","7.1400","7.2000","7.0200"
"2017/01/20","7.1300","9994372.0000","7.0700","7.1400","6.9700"
"2017/01/19","7.0500","10718890.0000","7.2000","7.2600","7.0100"
"2017/01/18","7.2400","11646780.0000","7.3600","7.3700","7.1200"
"2017/01/17","7.3700","11484520.0000","7.4200","7.5900","7.3300"
"2017/01/13","7.4400","8417842.0000","7.4600","7.6200","7.4400"
"2017/01/12","7.4600","11394470.0000","7.4700","7.4900","7.3100"
"2017/01/11","7.4600","11098510.0000","7.3800","7.4700","7.3100"
"2017/01/10","7.3300","21892910.0000","7.7400","7.7400","7.3000"
"2017/01/09","7.7900","8700624.0000","7.9700","8.0400","7.7600"
"2017/01/06","7.9000","12263400.0000","7.8900","8.0300","7.7100"
"2017/01/05","7.8600","19953970.0000","8.2000","8.2300","7.8400"
"2017/01/04","8.1200","21864790.0000","7.9500","8.4000","7.9500"
"2017/01/03","7.9400","18478860.0000","7.4400","8.0600","7.4000"
"2016/12/30","7.3200","11241680.0000","7.4100","7.4900","7.2800"
"2016/12/29","7.4000","11091400.0000","7.4100","7.4900","7.3150"
"2016/12/28","7.4300","18708090.0000","8.0200","8.0800","7.3500"
"2016/12/27","7.8300","16035630.0000","7.3500","7.9700","7.2900"
"2016/12/23","7.2900","7712783.0000","7.2500","7.3600","7.2000"
"2016/12/22","7.3500","8883541.0000","7.3100","7.4200","7.3100"
"2016/12/21","7.3600","11693210.0000","7.4200","7.4900","7.3000"
"2016/12/20","7.4400","7209037.0000","7.5000","7.5700","7.4200"
"2016/12/19","7.4900","9053543.0000","7.5000","7.5500","7.4200"
"2016/12/16","7.4800","13776690.0000","7.6000","7.6900","7.4200"
"2016/12/15","7.5900","8722710.0000","7.5000","7.6860","7.4400"
"2016/12/14","7.5000","8861208.0000","7.6600","7.6700","7.4800"
"2016/12/13","7.6500","7849866.0000","7.7900","7.8750","7.6200"
"2016/12/12","7.7300","9778097.0000","7.8000","7.8900","7.6000"
"2016/12/09","7.8200","10911780.0000","7.9500","7.9900","7.7000"
"2016/12/08","7.9200","10885700.0000","7.8400","7.9900","7.7600"
"2016/12/07","7.9700","8429697.0000","8.2100","8.2400","7.9600"
"2016/12/06","7.9800","11427080.0000","7.9700","8.0000","7.8100"
"2016/12/05","8.0300","12719310.0000","8.1800","8.3000","7.9800"
"2016/12/02","8.1400","8929602.0000","8.4000","8.4500","8.1200"
"2016/12/01","8.4200","8984105.0000","8.4000","8.5900","8.3500"
"2016/11/30","8.3600","7482649.0000","8.3100","8.4300","8.2650"
"2016/11/29","8.2800","8460173.0000","8.4500","8.4900","8.2000"
"2016/11/28","8.4000","6669562.0000","8.5000","8.5400","8.3650"
"2016/11/25","8.5100","4276339.0000","8.6900","8.7300","8.4800"
"2016/11/23","8.6800","8624261.0000","8.6500","8.7200","8.4200"
"2016/11/22","8.5800","14068870.0000","8.7500","8.7799","8.3707"
"2016/11/21","8.6900","11137670.0000","8.7600","9.0500","8.6600"
"2016/11/18","8.7500","8191544.0000","8.7500","8.8300","8.6200"
"2016/11/17","8.8200","15426250.0000","9.4200","9.4200","8.7300"
"2016/11/16","9.4600","8087569.0000","9.7300","9.7500","9.4000"
"2016/11/15","9.5600","5757106.0000","9.5900","9.6100","9.4300"
"2016/11/14","9.4200","7976726.0000","9.4800","9.6300","9.3300"
"2016/11/11","9.2200","10527930.0000","8.9700","9.3100","8.6800"
"2016/11/10","8.8600","25186690.0000","8.5500","9.2750","8.4000"
"2016/11/09","8.5500","14219560.0000","8.4300","8.6500","8.3250"
"2016/11/08","8.7000","9233554.0000","8.5600","8.7800","8.4700"
"2016/11/07","8.6900","11287840.0000","8.9000","8.9300","8.5300"
"2016/11/04","8.7100","19295930.0000","8.5100","9.0000","8.3900"
"2016/11/03","8.5100","72877240.0000","9.0300","9.1700","8.3700"
"2016/11/02","12.8100","22126430.0000","13.0500","13.3900","12.6700"
"2016/11/01","13.0600","7583099.0000","13.2200","13.3200","12.9200"
"2016/10/31","13.2600","6826486.0000","13.4900","13.5200","13.0700"
"2016/10/28","13.4900","7291235.0000","13.7300","14.0100","13.4700"
"2016/10/27","13.7800","4786259.0000","14.2600","14.2600","13.7400"
"2016/10/26","14.1000","5968583.0000","13.7000","14.1900","13.7000"
"2016/10/25","13.7800","4183920.0000","13.8400","13.8500","13.6300"
"2016/10/24","13.8500","4635690.0000","14.2000","14.2400","13.8400"
"2016/10/21","14.2000","4713953.0000","14.0900","14.2600","13.9514"
"2016/10/20","14.1500","5859106.0000","13.9900","14.2700","13.9200"
"2016/10/19","14.0600","7625780.0000","13.5400","14.1600","13.4600"
"2016/10/18","13.5400","5367109.0000","13.2000","13.5800","13.1300"
"2016/10/17","13.1000","4734142.0000","13.2800","13.3100","12.9800"
"2016/10/14","13.1000","8480939.0000","13.3800","13.5299","13.0350"
"2016/10/13","13.3400","5894054.0000","13.2600","13.4800","13.1400"
"2016/10/12","13.4200","6279324.0000","13.4700","13.6200","13.2200"
"2016/10/11","13.4900","10826150.0000","13.9300","14.0000","13.3350"
"2016/10/10","13.9000","8870876.0000","14.1400","14.1900","13.7600"
"2016/10/07","14.0400","10239820.0000","14.4800","14.6100","14.0000"
"2016/10/06","14.6100","6633278.0000","14.9000","14.9400","14.4600"
"2016/10/05","14.7700","6467945.0000","14.7700","15.0500","14.7075"
"2016/10/04","14.7200","5770836.0000","14.8000","15.0800","14.7000"
"2016/10/03","14.7800","6364299.0000","14.8800","15.0300","14.6000"
"2016/09/30","14.8400","8000894.0000","15.1000","15.1900","14.8000"
"2016/09/29","14.8200","24418740.0000","15.7900","15.8100","14.7810"
"2016/09/28","16.7000","4132280.0000","16.5800","16.7850","16.4200"
"2016/09/27","16.5300","5802176.0000","16.5300","16.8200","16.2100"
"2016/09/26","16.4800","6751429.0000","16.8300","16.9700","16.3200"
"2016/09/23","16.9800","8348811.0000","16.7400","17.1800","16.7300"
"2016/09/22","16.7600","7684964.0000","16.5000","16.8500","16.4100"
"2016/09/21","16.2700","5859624.0000","16.0500","16.3700","15.8500"
"2016/09/20","15.9400","6056465.0000","16.2600","16.3000","15.8000"
"2016/09/19","16.3100","11913730.0000","16.0900","16.7600","16.0900"
"2016/09/16","15.9500","11587700.0000","15.9000","16.1000","15.7300"
"2016/09/15","16.0300","15519060.0000","14.8400","16.0450","14.8400"
"2016/09/14","14.7600","5352890.0000","14.7000","14.9210","14.6500"
"2016/09/13","14.7000","6931663.0000","14.8000","15.0000","14.6000"
"2016/09/12","14.8500","7853631.0000","14.4000","15.1400","14.3515"
"2016/09/09","14.5700","8146572.0000","14.6300","14.8200","14.4216"
"2016/09/08","14.7200","7885299.0000","14.6600","14.8400","14.4600"
"2016/09/07","14.8000","11732010.0000","15.0000","15.3800","14.6900"
"2016/09/06","15.1100","7800474.0000","15.0400","15.3500","14.9232"
"2016/09/02","14.9600","5810366.0000","15.0200","15.1500","14.8200"
"2016/09/01","14.9500","13782010.0000","15.4800","15.5100","14.6799"
"2016/08/31","15.4800","9589873.0000","15.5500","15.8000","15.3500"
"2016/08/30","15.3700","10347320.0000","15.1300","15.5400","15.0300"
"2016/08/29","14.9400","8705408.0000","14.7200","15.0600","14.4800"
"2016/08/26","14.6700","6227170.0000","14.7300","14.9400","14.4700"
"2016/08/25","14.7900","4524782.0000","14.7000","15.0200","14.7000"
"2016/08/24","14.8100","9098856.0000","15.3000","15.3100","14.7200"
"2016/08/23","14.8800","7770175.0000","14.8200","15.1300","14.8000"
"2016/08/22","14.4400","4650981.0000","14.4100","14.7500","14.4000"
"2016/08/19","14.5300","4512222.0000","14.5000","14.7400","14.3600"
"2016/08/18","14.5700","5272314.0000","14.7700","14.9400","14.5200"
"2016/08/17","14.7800","9084356.0000","15.3100","15.3397","14.7000"
"2016/08/16","15.4100","7581280.0000","15.6500","16.0000","15.2550"
"2016/08/15","15.6500","11024700.0000","14.9900","15.8800","14.9800"
"2016/08/12","14.9700","3804519.0000","14.8700","15.1000","14.8500"
"2016/08/11","14.9000","4807845.0000","15.0400","15.1800","14.8900"
"2016/08/10","15.0400","10309670.0000","15.5000","15.5400","14.8600"
"2016/08/09","15.6500","6994177.0000","15.7700","15.9600","15.5900"
"2016/08/08","15.6900","10745000.0000","15.4000","16.0400","15.2500"
"2016/08/05","15.4000","11083520.0000","15.4700","15.5900","15.0229"
"2016/08/04","15.4300","19312130.0000","15.2100","15.7300","15.1300"
"2016/08/03","14.9300","37486760.0000","14.1100","15.2200","13.9200"
"2016/08/02","13.1600","19443850.0000","13.7800","13.9750","13.0300"
"2016/08/01","13.6900","8465880.0000","13.7000","13.8700","13.4800"
"2016/07/29","13.6600","5344338.0000","13.6000","13.7200","13.4300"
"2016/07/28","13.5800","7599330.0000","13.4300","13.6300","13.2100"
"2016/07/27","13.3200","4966698.0000","13.4500","13.5000","13.2300"
"2016/07/26","13.2300","6046954.0000","12.9800","13.3900","12.9500"
"2016/07/25","13.0200","4238704.0000","12.7900","13.0500","12.7550"
"2016/07/22","12.8200","5814559.0000","12.8000","12.9300","12.6600"
"2016/07/21","12.8000","5040258.0000","12.9200","13.0400","12.7900"
"2016/07/20","12.9800","10747230.0000","13.0000","13.0700","12.6300"
"2016/07/19","12.8600","6801605.0000","13.3200","13.4650","12.8500"
"2016/07/18","13.3800","6417432.0000","13.2000","13.5800","13.1100"
"2016/07/15","13.1500","7294664.0000","13.7600","13.7700","13.1000"
"2016/07/14","13.7700","5323287.0000","13.7500","13.9100","13.6200"
"2016/07/13","13.5600","4865269.0000","13.5100","13.8000","13.4200"
"2016/07/12","13.5100","7742173.0000","13.3900","13.7500","13.2000"
"2016/07/11","13.6800","5181124.0000","13.5700","13.8300","13.5500"
"2016/07/08","13.4300","9529238.0000","13.3000","13.6900","13.1800"
"2016/07/07","13.0700","9375481.0000","12.6300","13.3000","12.6000"
"2016/07/06","12.5100","7735810.0000","12.2000","12.5400","12.0600"
"2016/07/05","12.3100","6514911.0000","12.3700","12.4000","12.0500"
"2016/07/01","12.4800","6716566.0000","12.1500","12.6000","12.1300"
"2016/06/30","12.2200","7829663.0000","12.0100","12.2700","11.7000"
"2016/06/29","12.1300","8052023.0000","12.2000","12.2350","11.6500"
"2016/06/28","12.0000","10137670.0000","12.2500","12.4300","11.8000"
"2016/06/27","11.8900","10058350.0000","12.6000","12.6500","11.8500"
"2016/06/24","12.7100","13636590.0000","12.5000","13.0350","12.5000"
"2016/06/23","13.2900","10246300.0000","12.9500","13.3900","12.8100"
"2016/06/22","12.7900","11553240.0000","13.4000","13.4100","12.7200"
"2016/06/21","13.5000","6497166.0000","13.2500","13.5800","13.2400"
"2016/06/20","13.1800","6945434.0000","13.0700","13.5600","13.0500"
"2016/06/17","12.8300","10053840.0000","12.7300","13.0000","12.6600"
"2016/06/16","12.7100","11432480.0000","13.1400","13.2100","12.3600"
"2016/06/15","13.2400","8192881.0000","13.1000","13.5700","13.0800"
"2016/06/14","13.0100","12943870.0000","13.7000","13.8300","12.9700"
"2016/06/13","13.8200","4963776.0000","14.0600","14.3200","13.7900"
"2016/06/10","14.1000","7246059.0000","14.4100","14.4200","14.0000"
"2016/06/09","14.5500","8274782.0000","14.3400","14.6700","14.1800"
"2016/06/08","14.1000","5332035.0000","14.2600","14.5000","14.0800"
"2016/06/07","14.3100","4925346.0000","14.3000","14.4400","14.2100"
"2016/06/06","14.3600","8933440.0000","14.4800","14.6000","14.1700"
"2016/06/03","14.6300","3722666.0000","14.5600","14.7500","14.4400"
"2016/06/02","14.7600","4774104.0000","14.3000","14.7900","14.2600"
"2016/06/01","14.5100","4542305.0000","14.0000","14.5100","13.9100"
"2016/05/31","14.1800","6240938.0000","14.3000","14.3500","14.0300"
"2016/05/27","14.3200","4565865.0000","14.2000","14.4200","14.1000"
"2016/05/26","14.1600","6039837.0000","14.3100","14.5740","14.1200"
"2016/05/25","14.0600","8943196.0000","14.1400","14.1500","13.6000"
"2016/05/24","13.9000","10725640.0000","14.6200","14.6600","13.8064"
"2016/05/23","14.5700","5668973.0000","14.5200","14.7300","14.4229"
"2016/05/20","14.6000","6640079.0000","14.0000","14.6000","14.0000"
"2016/05/19","13.9900","7958268.0000","13.7400","14.0900","13.5100"
"2016/05/18","14.1300","4659857.0000","14.2500","14.4300","14.0400"
"2016/05/17","14.1700","5055196.0000","14.0500","14.3900","13.9800"
"2016/05/16","14.0500","4833887.0000","13.5500","14.0900","13.5500"
"2016/05/13","13.7700","5296892.0000","13.5300","13.9700","13.4500"
"2016/05/12","13.5200","6333572.0000","14.0200","14.0900","13.3400"
"2016/05/11","13.9200","7242793.0000","13.8800","14.3900","13.7000"
"2016/05/10","14.0200","8511939.0000","13.9300","14.0200","13.4400"
"2016/05/09","13.9000","8575819.0000","13.7700","14.1200","13.6000"
"2016/05/06","13.6200","18634050.0000","13.8300","13.9500","12.9600"
"2016/05/05","13.8800","31872240.0000","14.8600","15.2000","13.8700"
"2016/05/04","17.1000","15619320.0000","17.0200","17.4800","16.4400"
"2016/05/03","17.1800","16108130.0000","17.9450","18.0000","16.9500"
"2016/05/02","18.3700","6855556.0000","18.3900","18.3900","17.7200"
"2016/04/29","18.2500","7920876.0000","18.1900","18.2800","17.7500"
"2016/04/28","18.1000","8974959.0000","18.5000","18.8500","17.9200"
"2016/04/27","17.8800","8220637.0000","17.2500","17.9500","17.1300"
"2016/04/26","17.3900","4431768.0000","17.4100","17.5000","17.1600"
"2016/04/25","17.4100","7059010.0000","17.5100","17.7800","16.9500"
"2016/04/22","17.5800","4604106.0000","17.3500","17.6500","17.2100"
"2016/04/21","17.4600","7670774.0000","17.9900","18.2800","17.1107"
"2016/04/20","17.6900","10604850.0000","17.4200","18.1900","17.3400"
"2016/04/19","17.3400","7639039.0000","17.2300","17.5000","16.8100"
"2016/04/18","17.0400","9322536.0000","17.0000","17.5000","16.9700"
"2016/04/15","17.2000","12377270.0000","16.3700","17.4500","16.3700"
"2016/04/14","16.3300","11596390.0000","16.9700","17.0900","16.2700"
"2016/04/13","17.0100","22009770.0000","15.9000","17.1880","15.7500"
"2016/04/12","15.1500","4976537.0000","14.9300","15.3600","14.8900"
"2016/04/11","14.8400","8953521.0000","14.8500","15.5200","14.7700"
"2016/04/08","14.5000","7371354.0000","15.1100","15.2200","14.4000"
"2016/04/07","14.8600","6908624.0000","15.3600","15.7200","14.8100"
"2016/04/06","15.4800","5289139.0000","15.2600","15.6800","15.2000"
"2016/04/05","15.1000","6581469.0000","15.3000","15.5700","15.0300"
"2016/04/04","15.5100","10417250.0000","15.0000","15.7500","14.7500"
"2016/04/01","14.9200","14743900.0000","14.9000","15.7200","14.7100"
"2016/03/31","15.1500","21212680.0000","14.0600","15.2300","13.8200"
"2016/03/30","13.4000","16553160.0000","14.0000","14.0000","12.9300"
"2016/03/29","14.0100","6297842.0000","13.4800","14.1200","13.3100"
"2016/03/28","13.5500","10142040.0000","14.5300","14.5485","13.3600"
"2016/03/24","14.5800","5350375.0000","14.3700","14.6300","14.1400"
"2016/03/23","14.5500","7643130.0000","15.2800","15.5800","14.5400"
"2016/03/22","15.2800","11882430.0000","14.8000","15.9100","14.7800"
"2016/03/21","14.9000","6448659.0000","14.3300","14.9000","14.2500"
"2016/03/18","14.3800","6588172.0000","14.4000","14.6181","14.1300"
"2016/03/17","14.4700","5768226.0000","14.2300","14.7900","14.1100"
"2016/03/16","14.3200","5575058.0000","14.1700","14.4900","13.9400"
"2016/03/15","13.9300","7362467.0000","14.4300","14.4500","13.5700"
"2016/03/14","14.4700","6621100.0000","14.4900","14.8000","14.2700"
"2016/03/11","14.5100","14208090.0000","13.6500","14.6100","13.5700"
"2016/03/10","13.5300","9025701.0000","13.3500","13.7900","13.2300"
"2016/03/09","13.2200","12066360.0000","13.1700","13.2700","12.5150"
"2016/03/08","13.0500","18398300.0000","13.1900","13.8500","12.9500"
"2016/03/07","13.0300","7292396.0000","12.8600","13.3000","12.7700"
"2016/03/04","12.8600","11826220.0000","12.5300","13.1800","12.4700"
"2016/03/03","12.4700","11295320.0000","12.8200","12.8500","12.2600"
"2016/03/02","12.8700","10258860.0000","12.4700","13.0500","12.3600"
"2016/03/01","12.4100","9000955.0000","12.3500","12.4800","12.0999"
"2016/02/29","12.2300","9931115.0000","12.3800","12.3800","12.0000"
"2016/02/26","12.1500","7186355.0000","12.4100","12.5500","12.1400"
"2016/02/25","12.2600","13032850.0000","12.1700","12.7700","12.0500"
"2016/02/24","12.3300","16887600.0000","12.7400","12.7400","11.9100"
"2016/02/23","13.0800","40499300.0000","14.0300","14.3000","12.9700"
"2016/02/22","16.5200","20954580.0000","15.9500","16.7500","15.6000"
"2016/02/19","15.6000","5804333.0000","15.8000","15.9600","15.5500"
"2016/02/18","16.0000","5234797.0000","16.1500","16.3500","15.6101"
"2016/02/17","15.8900","7734816.0000","15.2000","16.4400","14.8000"
"2016/02/16","14.9000","5080250.0000","14.3900","15.0900","13.8100"
"2016/02/12","13.9400","4664045.0000","14.1800","14.4900","13.8000"
"2016/02/11","13.7800","13812420.0000","14.0000","14.1840","12.9000"
"2016/02/10","14.6800","6302641.0000","14.8200","15.8800","14.3100"
"2016/02/09","14.3000","6933428.0000","14.0300","15.5800","13.9900"
"2016/02/08","14.3800","5775875.0000","15.4200","15.4200","14.1600"
"2016/02/05","15.7300","6138507.0000","16.9500","16.9650","15.6800"
"2016/02/04","16.9300","5705836.0000","16.0300","17.2500","15.9800"
"2016/02/03","16.0400","4391528.0000","16.4500","16.5730","15.6000"
"2016/02/02","16.0900","3801293.0000","16.9200","17.0400","16.0000"
"2016/02/01","16.7100","4271846.0000","16.5000","17.0500","16.0200"
"2016/01/29","16.6000","4430424.0000","15.7900","16.6800","15.7100"
"2016/01/28","15.6900","4187073.0000","16.2600","16.6450","15.6000"
"2016/01/27","16.0500","5289527.0000","17.2900","17.2900","16.0100"
"2016/01/26","16.7700","4288823.0000","17.3300","17.6694","16.6700"
"2016/01/25","17.2900","4020193.0000","18.5800","18.7244","17.1500"
"2016/01/22","18.8100","3427215.0000","18.5000","19.3450","18.2100"
"2016/01/21","18.1900","5741339.0000","18.5800","18.6200","17.2971"
"2016/01/20","17.7900","7856839.0000","16.8500","18.2800","15.5242"
"2016/01/19","17.6600","4522431.0000","18.3200","18.7900","17.2500"
"2016/01/15","17.9700","5379335.0000","17.5700","18.3400","17.3000"
"2016/01/14","18.8700","7262271.0000","19.2000","19.4168","17.7700"
"2016/01/13","19.8500","5827089.0000","19.6500","20.4800","19.1700"
"2016/01/12","19.6300","5149273.0000","19.3600","19.7500","18.9000"
"2016/01/11","18.8500","13838450.0000","21.4300","21.6200","18.3500"
"2016/01/08","21.5200","6421440.0000","22.2000","22.5900","21.3601"
"2016/01/07","21.5000","17017310.0000","22.1600","23.2800","20.2500"
"2016/01/06","22.9000","13657260.0000","23.7300","24.1800","22.6400"
"2016/01/05","24.3000","30580080.0000","30.2100","30.9600","24.0300"
"2016/01/04","29.7600","4560263.0000","28.6500","29.9900","28.1200"
"2015/12/31","29.5900","3724579.0000","29.0900","30.0000","29.0000"
"2015/12/30","29.6300","3407257.0000","29.0000","29.7400","28.7400"
"2015/12/29","29.3500","5945342.0000","30.5000","30.7500","29.1000"
"2015/12/28","29.8600","8000767.0000","30.2200","30.6500","29.5600"
"2015/12/24","28.9100","1603571.0000","28.3800","29.2000","28.3600"
"2015/12/23","28.6300","3626461.0000","28.9200","28.9200","28.2600"
"2015/12/22","28.6600","3488054.0000","29.1000","29.2000","28.2600"
"2015/12/21","29.1000","7393515.0000","29.0900","29.4500","28.0200"
"2015/12/18","27.7300","4665670.0000","28.1300","28.2100","27.0700"
"2015/12/17","27.8100","5663092.0000","29.7000","29.7500","27.6400"
"2015/12/16","29.4700","3860256.0000","30.3000","30.5400","29.0500"
"2015/12/15","29.8400","6586729.0000","29.0500","30.7900","28.2400"
"2015/12/14","29.1500","3686607.0000","29.2300","29.7500","27.6700"
"2015/12/11","29.5000","4435949.0000","30.6900","30.8800","29.2300"
"2015/12/10","30.7700","3477372.0000","31.3100","31.8500","30.6000"
"2015/12/09","31.2500","4633550.0000","32.4000","33.3500","30.7700"
"2015/12/08","32.3400","5070581.0000","33.1900","33.9900","32.2800"
"2015/12/07","34.1000","9301504.0000","33.9900","34.6800","32.6100"
"2015/12/04","33.3700","9504817.0000","30.5000","33.3700","30.3300"
"2015/12/03","30.1400","6836613.0000","29.9800","30.8400","29.4500"
"2015/12/02","29.3700","4880717.0000","29.3000","29.8100","28.5700"
"2015/12/01","29.2200","7257637.0000","29.1900","29.8500","27.9300"
"2015/11/30","28.7200","6895978.0000","29.0900","29.2200","28.4500"
"2015/11/27","27.8400","2069988.0000","28.2600","28.5500","27.6300"
"2015/11/25","27.9900","4830172.0000","26.9600","28.5600","26.6600"
"2015/11/24","26.8700","3879815.0000","26.8200","27.4800","26.6100"
"2015/11/23","27.0300","8389317.0000","27.8900","27.9800","26.4620"
"2015/11/20","27.5900","7426219.0000","29.2300","29.2500","27.5700"
"2015/11/19","29.0100","5373677.0000","29.1400","29.4000","28.7100"
"2015/11/18","28.6700","6000640.0000","28.8200","28.9000","27.5000"
"2015/11/17","28.7300","10048910.0000","29.4100","30.0200","28.2600"
"2015/11/16","28.7600","6348631.0000","28.0000","28.8500","27.5500"
"2015/11/13","27.8600","30531780.0000","29.0200","29.4000","26.8000"
"2015/11/12","31.6800","7100566.0000","33.7300","34.0000","31.5000"
"2015/11/11","34.3100","2686347.0000","36.0400","36.3400","34.2100"
"2015/11/10","35.9200","4459222.0000","37.0800","38.1400","35.5600"
"2015/11/09","37.4600","2458722.0000","37.8000","38.1500","36.6000"
"2015/11/06","37.9200","4281886.0000","36.8600","37.9500","36.0201"
"2015/11/05","36.8600","3086859.0000","37.5500","37.7400","36.6000"
"2015/11/04","37.8200","4827431.0000","37.9800","38.4400","37.5000"
"2015/11/03","37.3100","14116540.0000","38.0000","39.1300","37.1700"
"2015/11/02","40.8000","12137630.0000","41.5300","41.9700","39.9300"
"2015/10/30","40.5400","5720372.0000","38.2000","40.7800","37.6600"
"2015/10/29","37.5700","3476080.0000","38.2100","38.7000","37.0000"
"2015/10/28","39.0900","2260913.0000","38.3000","39.4100","37.8200"
"2015/10/27","37.6700","1038649.0000","37.2500","37.9000","36.8900"
"2015/10/26","37.3700","1688170.0000","38.1800","38.7800","37.2500"
"2015/10/23","38.4700","2054202.0000","37.8200","38.6000","37.5000"
"2015/10/22","37.0900","2087241.0000","37.6000","38.0600","35.8200"
"2015/10/21","36.8200","3103827.0000","39.1900","39.5000","35.4200"
"2015/10/20","38.5000","6875127.0000","39.2100","41.1100","38.1000"
"2015/10/19","37.4100","2889927.0000","36.7500","38.9800","36.5501"
"2015/10/16","36.9000","1212516.0000","37.2600","37.6000","36.5301"
"2015/10/15","37.1000","1352010.0000","35.5000","37.1100","35.4401"
"2015/10/14","35.6000","1237181.0000","36.2500","36.3127","34.9500"
"2015/10/13","36.1700","3126729.0000","36.3200","37.8799","34.7600"
"2015/10/12","36.1000","1242335.0000","36.0200","36.4800","35.7500"
"2015/10/09","35.3600","1828107.0000","35.1000","36.1000","34.6501"
"2015/10/08","34.6700","2667740.0000","34.7900","35.7700","33.4300"
"2015/10/07","35.2500","3508475.0000","36.7000","36.8800","33.6600"
"2015/10/06","36.4000","2679465.0000","38.0100","38.1000","35.8300"
"2015/10/05","38.1000","3231058.0000","37.8500","38.9700","37.3200"
"2015/10/02","37.3000","2101377.0000","37.1500","38.3999","37.0000"
"2015/10/01","38.0500","2503830.0000","37.2400","38.5300","36.3100"
"2015/09/30","37.6900","5893032.0000","35.5900","37.6900","34.7100"
"2015/09/29","35.3000","2649157.0000","36.0400","36.2700","34.2600"
"2015/09/28","36.0500","2796482.0000","36.9200","37.1599","35.2601"
"2015/09/25","37.6000","3202939.0000","39.7000","40.2400","37.3000"
"2015/09/24","38.7900","2753980.0000","38.3000","38.9500","37.0000"
"2015/09/23","39.1100","3030418.0000","39.9300","40.3669","38.6503"
"2015/09/22","39.4900","5290310.0000","36.9900","39.8900","36.7300"
"2015/09/21","38.0900","8248234.0000","41.7500","41.9200","37.7500"
"2015/09/18","40.7200","13673150.0000","39.2500","42.0400","38.6000"
"2015/09/17","39.8800","18076430.0000","36.4600","40.8990","36.1000"
"2015/09/16","37.1000","10105240.0000","34.6100","38.4500","33.8500"
"2015/09/15","33.0400","5212267.0000","33.2500","33.9900","32.4100"
"2015/09/14","32.0000","2207278.0000","33.1300","33.2000","31.7100"
"2015/09/11","32.4000","4942108.0000","33.8000","34.0000","31.2800"
"2015/09/10","34.2300","3037546.0000","35.5600","35.9900","33.8000"
"2015/09/09","35.9500","4579553.0000","36.6900","37.3900","35.3100"
"2015/09/08","35.4600","6695171.0000","34.7300","35.8900","34.1000"
"2015/09/04","31.8800","1791208.0000","32.2500","32.7000","31.2500"
"2015/09/03","33.0500","2056888.0000","33.6000","34.2500","32.5216"
"2015/09/02","33.5700","1770599.0000","33.4100","33.6000","32.6801"
"2015/09/01","32.8900","2777638.0000","33.1000","34.0900","32.4000"
"2015/08/31","34.4900","4622292.0000","34.2400","35.5000","33.7500"
"2015/08/28","33.8000","4226391.0000","34.3200","35.0000","33.2600"
"2015/08/27","34.9700","8580876.0000","39.7900","40.0000","33.5400"
"2015/08/26","38.4000","2886494.0000","38.1600","38.5000","36.2500"
"2015/08/25","36.7700","3207822.0000","40.0800","40.0800","36.5300"
"2015/08/24","37.3600","8036469.0000","32.2900","39.8000","30.5100"
"2015/08/21","38.6500","6934378.0000","38.5500","40.3999","37.6900"
"2015/08/20","41.4100","3643069.0000","41.8800","42.5000","41.0000"
"2015/08/19","43.1000","1952027.0000","43.1300","43.7200","42.7900"
"2015/08/18","43.7700","3470315.0000","44.5500","44.8900","42.6600"
"2015/08/17","44.9300","3279521.0000","44.6400","45.2500","43.7100"
"2015/08/14","44.6500","5347835.0000","43.0900","44.9800","42.8200"
"2015/08/13","42.2500","3388773.0000","42.2500","42.9900","41.5100"
"2015/08/12","41.1800","7369847.0000","41.7600","42.4100","39.2000"
"2015/08/11","42.9300","3359312.0000","42.9000","44.1000","42.2500"
"2015/08/10","43.1500","6010780.0000","43.2100","44.4000","42.5100"
"2015/08/07","42.6800","9438704.0000","45.0800","45.5100","41.5000"
"2015/08/06","44.6000","22546390.0000","46.6400","47.9000","43.5600"
"2015/08/05","51.6400","18626850.0000","50.3500","51.9000","49.4700"
"2015/08/04","49.6900","7733280.0000","50.0000","50.6370","48.2500"
"2015/08/03","48.9600","15374220.0000","49.1400","50.9900","48.0500"
"2015/07/31","47.6000","5584620.0000","45.0000","47.8400","44.4500"
"2015/07/30","45.1900","2975457.0000","44.2900","45.4200","42.6400"
"2015/07/29","44.0700","2698017.0000","45.4000","45.6500","43.7800"
"2015/07/28","45.4700","3728290.0000","44.3100","45.8200","43.4000"
"2015/07/27","43.9300","7128345.0000","45.0000","45.2300","41.7000"
"2015/07/24","45.5400","3301891.0000","46.7000","46.7000","45.1800"
"2015/07/23","46.2000","4655593.0000","46.7100","47.2500","45.8300"
"2015/07/22","45.5300","5133898.0000","46.1000","47.4300","45.0200"
"2015/07/21","46.8700","7304908.0000","43.9500","47.0300","43.5100"
"2015/07/20","44.4700","13169730.0000","45.9000","47.2000","43.0700"
"2015/07/17","47.1700","6654405.0000","47.2400","47.4000","46.2500"
"2015/07/16","47.7800","9261449.0000","47.8500","48.0000","46.0100"
"2015/07/15","47.2900","18384390.0000","46.8700","48.9780","45.2600"
"2015/07/14","46.0000","14617040.0000","44.7000","46.0000","43.7600"
"2015/07/13","43.4800","14703310.0000","43.2900","44.5900","42.7500"
"2015/07/10","42.1000","7167304.0000","43.2600","43.6000","41.8800"
"2015/07/09","42.2500","10423950.0000","43.2300","44.0000","42.2000"
"2015/07/08","41.7400","10731350.0000","41.3700","42.9300","40.6100"
"2015/07/07","42.1500","20855670.0000","42.3600","42.9800","39.0000"
"2015/07/06","40.1900","9322126.0000","41.1500","43.0000","39.7500"
"2015/07/02","42.2400","17657540.0000","41.8200","44.3800","41.4900"
"2015/07/01","42.3800","27173840.0000","39.2900","42.3800","38.3800"
"2015/06/30","38.2300","12574240.0000","35.0500","38.2300","34.5000"
"2015/06/29","33.2800","5546820.0000","33.1000","34.4000","32.5000"
"2015/06/26","34.7500","7365952.0000","36.9000","36.9299","33.6500"
"2015/06/25","36.5900","7758587.0000","37.5200","37.5500","36.1100"
"2015/06/24","36.0100","13637750.0000","36.5200","36.7500","35.2500"
"2015/06/23","37.8800","20900900.0000","39.8400","40.3800","37.1000"
"2015/06/22","37.0600","33672010.0000","35.6500","40.4500","35.0000"
"2015/06/19","32.5000","25529000.0000","31.1600","33.9500","30.3300"
"2015/06/18","29.6800","51914700.0000","30.4000","31.9000","29.5000"
